{
    "cameraMatrix": [
        [ 2341.2803646330462, 0.0, 1382.7004376123416 ],
        [ 0.0, 2333.765505897452, 922.7332161475828 ],
        [ 0.0, 0.0, 1.0 ]
    ],
    "distCoeffs": [ -0.4443755956632409, 0.27474563366785926, 0.0007509236793002318, 0.000522182840165547, -0.11493938419552947 ]
}
